<?xml version="1.0" encoding="UTF-8" ?>

<configuration>

    <springProperty name="LOG_HOME" source="healthChecks.logging_config.log_directory" />
    <springProperty name="LOG_ARCHIVE" source="healthChecks.logging_config.logArch_directory" />

    <appender name="STDOUT" class="ch.qos.logback.core.ConsoleAppender">
        <encoder>
            <pattern>%d{HH:mm:ss.SSS} [%thread] %-5level %logger{5} - %msg%n</pattern>
        </encoder>
    </appender>

    <appender name="FILE AUDIT" class="ch.qos.logback.core.rolling.RollingFileAppender">
        <file>${LOG_HOME}/${ProcessIDName}-debug.log</file>
        <filter class="ch.qos.logback.classic.filter.LevelFilter">
            <level>INFO</level>
            <onMatch>ACCEPT</onMatch>
            <onMismatch>DENY</onMismatch>
        </filter>
        <encoder class="ch.qos.logback.classic.encoder.PatternLayoutEncoder">
            <pattern>
                %d{yyyy-MM-dd HH:mm:ss} %-5level %logger{10} - %msg%n
            </pattern>
        </encoder>

        <rollingPolicy class="ch.qos.logback.core.rolling.TimeBasedRollingPolicy">
            <fileNamePattern>${LOG_ARCHIVE}/${ProcessIDName}-debug.%d{yyyy-MM-dd}.log</fileNamePattern>
        </rollingPolicy>
    </appender>

    <appender name="FILE ERROR" class="ch.qos.logback.core.rolling.RollingFileAppender">
        <file>${LOG_HOME}/${ProcessIDName}-error.log</file>
        <filter class="ch.qos.logback.classic.filter.LevelFilter">
            <level>ERROR</level>
            <onMatch>ACCEPT</onMatch>
            <onMismatch>DENY</onMismatch>
        </filter>
        <encoder class="ch.qos.logback.classic.encoder.PatternLayoutEncoder">
            <pattern>
                %d{yyyy-MM-dd HH:mm:ss} %-5level %logger{10} - %msg%n
            </pattern>
        </encoder>

        <rollingPolicy class="ch.qos.logback.core.rolling.TimeBasedRollingPolicy">
            <fileNamePattern>${LOG_ARCHIVE}/${ProcessIDName}-error.%d{yyyy-MM-dd}.log</fileNamePattern>
        </rollingPolicy>
    </appender>

    <root level="INFO">
        <appender-ref ref="STDOUT" />
        <appender-ref ref="FILE AUDIT" />
        <appender-ref ref="FILE ERROR" />
    </root>

</configuration>